1,output/aligned/SeonghoBaek/face_42.png
1,output/aligned/SeonghoBaek/face_83.png
1,output/aligned/SeonghoBaek/face_37.png
1,output/aligned/SeonghoBaek/face_86.png
1,output/aligned/SeonghoBaek/face_71.png
1,output/aligned/SeonghoBaek/face_61.png
1,output/aligned/SeonghoBaek/face_100.png
1,output/aligned/SeonghoBaek/face_77.png
1,output/aligned/SeonghoBaek/face_25.png
1,output/aligned/SeonghoBaek/face_58.png
1,output/aligned/SeonghoBaek/face_81.png
1,output/aligned/SeonghoBaek/face_29.png
1,output/aligned/SeonghoBaek/face_54.png
1,output/aligned/SeonghoBaek/face_113.png
1,output/aligned/SeonghoBaek/face_14.png
1,output/aligned/SeonghoBaek/face_65.png
1,output/aligned/SeonghoBaek/face_57.png
1,output/aligned/SeonghoBaek/face_109.png
1,output/aligned/SeonghoBaek/face_84.png
1,output/aligned/SeonghoBaek/face_3.png
1,output/aligned/SeonghoBaek/face_99.png
1,output/aligned/SeonghoBaek/face_19.png
1,output/aligned/SeonghoBaek/face_30.png
1,output/aligned/SeonghoBaek/face_96.png
1,output/aligned/SeonghoBaek/face_11.png
1,output/aligned/SeonghoBaek/face_107.png
1,output/aligned/SeonghoBaek/face_74.png
1,output/aligned/SeonghoBaek/face_106.png
1,output/aligned/SeonghoBaek/face_9.png
1,output/aligned/SeonghoBaek/face_56.png
1,output/aligned/SeonghoBaek/face_59.png
1,output/aligned/SeonghoBaek/face_2.png
1,output/aligned/SeonghoBaek/face_39.png
1,output/aligned/SeonghoBaek/face_20.png
1,output/aligned/SeonghoBaek/face_105.png
1,output/aligned/SeonghoBaek/face_15.png
1,output/aligned/SeonghoBaek/face_72.png
1,output/aligned/SeonghoBaek/face_44.png
1,output/aligned/SeonghoBaek/face_110.png
1,output/aligned/SeonghoBaek/face_90.png
1,output/aligned/SeonghoBaek/face_43.png
1,output/aligned/SeonghoBaek/face_78.png
1,output/aligned/SeonghoBaek/face_4.png
1,output/aligned/SeonghoBaek/face_103.png
1,output/aligned/SeonghoBaek/face_38.png
1,output/aligned/SeonghoBaek/face_69.png
1,output/aligned/SeonghoBaek/face_52.png
1,output/aligned/SeonghoBaek/face_98.png
1,output/aligned/SeonghoBaek/face_79.png
1,output/aligned/SeonghoBaek/face_40.png
1,output/aligned/SeonghoBaek/face_97.png
1,output/aligned/SeonghoBaek/face_7.png
1,output/aligned/SeonghoBaek/face_24.png
1,output/aligned/SeonghoBaek/face_21.png
1,output/aligned/SeonghoBaek/face_70.png
1,output/aligned/SeonghoBaek/face_36.png
1,output/aligned/SeonghoBaek/face_33.png
1,output/aligned/SeonghoBaek/face_35.png
1,output/aligned/SeonghoBaek/face_31.png
1,output/aligned/SeonghoBaek/face_16.png
1,output/aligned/SeonghoBaek/face_63.png
1,output/aligned/SeonghoBaek/face_5.png
1,output/aligned/SeonghoBaek/face_112.png
1,output/aligned/SeonghoBaek/face_101.png
1,output/aligned/SeonghoBaek/face_49.png
1,output/aligned/SeonghoBaek/face_88.png
1,output/aligned/SeonghoBaek/face_76.png
1,output/aligned/SeonghoBaek/face_80.png
1,output/aligned/SeonghoBaek/face_67.png
1,output/aligned/SeonghoBaek/face_18.png
1,output/aligned/SeonghoBaek/face_45.png
1,output/aligned/SeonghoBaek/face_102.png
1,output/aligned/SeonghoBaek/face_73.png
1,output/aligned/SeonghoBaek/face_85.png
1,output/aligned/SeonghoBaek/face_93.png
1,output/aligned/SeonghoBaek/face_32.png
1,output/aligned/SeonghoBaek/face_75.png
1,output/aligned/SeonghoBaek/face_62.png
1,output/aligned/SeonghoBaek/face_51.png
1,output/aligned/SeonghoBaek/face_89.png
1,output/aligned/SeonghoBaek/face_12.png
1,output/aligned/SeonghoBaek/face_28.png
1,output/aligned/SeonghoBaek/face_108.png
1,output/aligned/SeonghoBaek/face_6.png
1,output/aligned/SeonghoBaek/face_104.png
1,output/aligned/SeonghoBaek/face_95.png
1,output/aligned/SeonghoBaek/face_17.png
1,output/aligned/SeonghoBaek/face_87.png
1,output/aligned/SeonghoBaek/face_92.png
1,output/aligned/SeonghoBaek/face_1.png
1,output/aligned/SeonghoBaek/face_50.png
1,output/aligned/SeonghoBaek/face_22.png
1,output/aligned/SeonghoBaek/face_111.png
1,output/aligned/SeonghoBaek/face_53.png
1,output/aligned/SeonghoBaek/face_48.png
1,output/aligned/SeonghoBaek/face_64.png
1,output/aligned/SeonghoBaek/face_46.png
1,output/aligned/SeonghoBaek/face_68.png
1,output/aligned/SeonghoBaek/face_41.png
1,output/aligned/SeonghoBaek/face_66.png
1,output/aligned/SeonghoBaek/face_26.png
1,output/aligned/SeonghoBaek/face_60.png
1,output/aligned/SeonghoBaek/face_13.png
1,output/aligned/SeonghoBaek/face_34.png
1,output/aligned/SeonghoBaek/face_10.png
1,output/aligned/SeonghoBaek/face_27.png
1,output/aligned/SeonghoBaek/face_23.png
1,output/aligned/SeonghoBaek/face_94.png
1,output/aligned/SeonghoBaek/face_91.png
1,output/aligned/SeonghoBaek/face_47.png
1,output/aligned/SeonghoBaek/face_55.png
1,output/aligned/SeonghoBaek/face_82.png
1,output/aligned/SeonghoBaek/face_8.png
2,output/aligned/AhinBaek/Image_13.png
2,output/aligned/AhinBaek/0032.png
2,output/aligned/AhinBaek/Image_08.png
2,output/aligned/AhinBaek/Image_33.png
2,output/aligned/AhinBaek/0033.png
2,output/aligned/AhinBaek/Image_14.png
2,output/aligned/AhinBaek/Image_06.png
2,output/aligned/AhinBaek/2013-11-21 17.45.54.png
2,output/aligned/AhinBaek/Image_05.png
2,output/aligned/AhinBaek/Image_15.png
